"N";"8881072590";"888000000";"0";"9";"0"
"N";"8881072591";"888000000";"0";"9";"0"
"N";"8881072592";"888000000";"0";"9";"0"
"N";"8881072593";"888000000";"0";"9";"0"
"N";"8881072594";"888000000";"0";"9";"0"
"N";"8881072595";"888000000";"0";"9";"0"
"N";"8881072596";"888000000";"0";"9";"0"
"N";"8881072597";"888000000";"0";"9";"0"
"N";"8881072598";"888000000";"0";"9";"0"
"N";"8881072599";"888000000";"0";"9";"0"
"N";"8881072600";"888000000";"0";"9";"0"
"N";"8881072601";"888000000";"0";"9";"0"
"N";"8881072602";"888000000";"0";"9";"0"
"N";"8881072603";"888000000";"0";"9";"0"
"N";"8881072604";"888000000";"0";"9";"0"
"N";"8881072605";"888000000";"0";"9";"0"
"N";"8881072606";"888000000";"0";"9";"0"
"N";"8881072607";"888000000";"0";"9";"0"
"N";"8881072608";"888000000";"0";"9";"0"
"N";"8881072609";"888000000";"0";"9";"0"
"N";"8881072610";"888000000";"0";"9";"0"
"N";"8881072611";"888000000";"0";"9";"0"
"N";"8881072612";"888000000";"0";"9";"0"
"N";"8881072613";"888000000";"0";"9";"0"
"N";"8881072614";"888000000";"0";"9";"0"
"N";"8881072615";"888000000";"0";"9";"0"
"N";"8881072616";"888000000";"0";"9";"0"
"N";"8881072617";"888000000";"0";"9";"0"
"N";"8881072618";"888000000";"0";"9";"0"
"N";"8881072619";"888000000";"0";"9";"0"
"N";"8881072620";"888000000";"0";"9";"0"
"N";"8881072621";"888000000";"0";"9";"0"
"N";"8881072622";"888000000";"0";"9";"0"
"N";"8881072623";"888000000";"0";"9";"0"
"N";"8881072624";"888000000";"0";"9";"0"
"N";"8881072625";"888000000";"0";"9";"0"
"N";"8881072626";"888000000";"0";"9";"0"
"N";"8881072627";"888000000";"0";"9";"0"
"N";"8881072628";"888000000";"0";"9";"0"
"N";"8881072629";"888000000";"0";"9";"0"
"N";"8881072630";"888000000";"0";"9";"0"
"N";"8881072631";"888000000";"0";"9";"0"
"N";"8881072632";"888000000";"0";"9";"0"
"N";"8881072633";"888000000";"0";"9";"0"
"N";"8881072634";"888000000";"0";"9";"0"
"N";"8881072635";"888000000";"0";"9";"0"
"N";"8881072636";"888000000";"0";"9";"0"
"N";"8881072637";"888000000";"0";"9";"0"
"N";"8881072638";"888000000";"0";"9";"0"
"N";"8881072639";"888000000";"0";"9";"0"
"N";"8881072640";"888000000";"0";"9";"0"
"N";"8881072641";"888000000";"0";"9";"0"
"N";"8881072642";"888000000";"0";"9";"0"
"N";"8881072643";"888000000";"0";"9";"0"
"N";"8881072644";"888000000";"0";"9";"0"
"N";"8881072645";"888000000";"0";"9";"0"
"N";"8881072646";"888000000";"0";"9";"0"
"N";"8881072647";"888000000";"0";"9";"0"
"N";"8881072648";"888000000";"0";"9";"0"
"N";"8881072649";"888000000";"0";"9";"0"
"N";"8881072650";"888000000";"0";"9";"0"
"N";"8881072651";"888000000";"0";"9";"0"
"N";"8881072652";"888000000";"0";"9";"0"
"N";"8881072653";"888000000";"0";"9";"0"
"N";"8881072654";"888000000";"0";"9";"0"
"N";"8881072655";"888000000";"0";"9";"0"
"N";"8881072656";"888000000";"0";"9";"0"
"N";"8881072657";"888000000";"0";"9";"0"
"N";"8881072658";"888000000";"0";"9";"0"
"N";"8881072659";"888000000";"0";"9";"0"
"N";"8881072660";"888000000";"0";"9";"0"
"N";"8881072661";"888000000";"0";"9";"0"
"N";"8881072662";"888000000";"0";"9";"0"
"N";"8881072663";"888000000";"0";"9";"0"
"N";"8881072664";"888000000";"0";"9";"0"
"N";"8881072665";"888000000";"0";"9";"0"
"N";"8881072666";"888000000";"0";"9";"0"
"N";"8881072667";"888000000";"0";"9";"0"
"N";"8881072668";"888000000";"0";"9";"0"
"N";"8881072669";"888000000";"0";"9";"0"
"N";"8881072670";"888000000";"0";"9";"0"
"N";"8881072671";"888000000";"0";"9";"0"
"N";"8881072672";"888000000";"0";"9";"0"
"N";"8881072673";"888000000";"0";"9";"0"
"N";"8881072674";"888000000";"0";"9";"0"
"N";"8881072675";"888000000";"0";"9";"0"
"N";"8881072676";"888000000";"0";"9";"0"
"N";"8881072677";"888000000";"0";"9";"0"
"N";"8881072678";"888000000";"0";"9";"0"
"N";"8881072679";"888000000";"0";"9";"0"
"N";"8881072680";"888000000";"0";"9";"0"
"N";"8881072681";"888000000";"0";"9";"0"
"N";"8881072682";"888000000";"0";"9";"0"
"N";"8881072683";"888000000";"0";"9";"0"
"N";"8881072684";"888000000";"0";"9";"0"
"N";"8881072685";"888000000";"0";"9";"0"
"N";"8881072686";"888000000";"0";"9";"0"
"N";"8881072687";"888000000";"0";"9";"0"
"N";"8881072688";"888000000";"0";"9";"0"
"N";"8881072689";"888000000";"0";"9";"0"
"N";"8881072690";"888000000";"0";"9";"0"
"N";"8881072691";"888000000";"0";"9";"0"
"N";"8881072692";"888000000";"0";"9";"0"
"N";"8881072693";"888000000";"0";"9";"0"
"N";"8881072694";"888000000";"0";"9";"0"
"N";"8881072695";"888000000";"0";"9";"0"
"N";"8881072696";"888000000";"0";"9";"0"
"N";"8881072697";"888000000";"0";"9";"0"
"N";"8881072698";"888000000";"0";"9";"0"
"N";"8881072699";"888000000";"0";"9";"0"
"N";"8881072700";"888000000";"0";"9";"0"
"N";"8881072701";"888000000";"0";"9";"0"
"N";"8881072702";"888000000";"0";"9";"0"
"N";"8881072703";"888000000";"0";"9";"0"
"N";"8881072704";"888000000";"0";"9";"0"
"N";"8881072705";"888000000";"0";"9";"0"
"N";"8881072706";"888000000";"0";"9";"0"
"N";"8881072707";"888000000";"0";"9";"0"
"N";"8881072708";"888000000";"0";"9";"0"
"N";"8881072709";"888000000";"0";"9";"0"
"N";"8881072710";"888000000";"0";"9";"0"
"N";"8881072711";"888000000";"0";"9";"0"
"N";"8881072712";"888000000";"0";"9";"0"
"N";"8881072713";"888000000";"0";"9";"0"
"N";"8881072714";"888000000";"0";"9";"0"
"N";"8881072715";"888000000";"0";"9";"0"
"N";"8881072716";"888000000";"0";"9";"0"
"N";"8881072717";"888000000";"0";"9";"0"
"N";"8881072718";"888000000";"0";"9";"0"
"N";"8881072719";"888000000";"0";"9";"0"
"N";"8881072720";"888000000";"0";"9";"0"
"N";"8881072721";"888000000";"0";"9";"0"
"N";"8881072722";"888000000";"0";"9";"0"
"N";"8881072723";"888000000";"0";"9";"0"
"N";"8881072724";"888000000";"0";"9";"0"
"N";"8881072725";"888000000";"0";"9";"0"
"N";"8881072726";"888000000";"0";"9";"0"
"N";"8881072727";"888000000";"0";"9";"0"
"N";"8881072728";"888000000";"0";"9";"0"
"N";"8881072729";"888000000";"0";"9";"0"
"N";"8881072730";"888000000";"0";"9";"0"
"N";"8881072731";"888000000";"0";"9";"0"
"N";"8881072732";"888000000";"0";"9";"0"
"N";"8881072733";"888000000";"0";"9";"0"
"N";"8881072734";"888000000";"0";"9";"0"
"N";"8881072735";"888000000";"0";"9";"0"
"N";"8881072736";"888000000";"0";"9";"0"
"N";"8881072737";"888000000";"0";"9";"0"
"N";"8881072738";"888000000";"0";"9";"0"
"N";"8881072739";"888000000";"0";"9";"0"
"N";"8881072740";"888000000";"0";"9";"0"
"N";"8881072741";"888000000";"0";"9";"0"
"N";"8881072742";"888000000";"0";"9";"0"
"N";"8881072743";"888000000";"0";"9";"0"
"N";"8881072744";"888000000";"0";"9";"0"
"N";"8881072745";"888000000";"0";"9";"0"
"N";"8881072746";"888000000";"0";"9";"0"
"N";"8881072747";"888000000";"0";"9";"0"
"N";"8881072748";"888000000";"0";"9";"0"
"N";"8881072749";"888000000";"0";"9";"0"
"N";"8881072750";"888000000";"0";"9";"0"
"N";"8881072751";"888000000";"0";"9";"0"
"N";"8881072752";"888000000";"0";"9";"0"
"N";"8881072753";"888000000";"0";"9";"0"
"N";"8881072754";"888000000";"0";"9";"0"
"N";"8881072755";"888000000";"0";"9";"0"
"N";"8881072756";"888000000";"0";"9";"0"
"N";"8881072757";"888000000";"0";"9";"0"
"N";"8881072758";"888000000";"0";"9";"0"
"N";"8881072759";"888000000";"0";"9";"0"
"N";"8881072760";"888000000";"0";"9";"0"
"N";"8881072761";"888000000";"0";"9";"0"
"N";"8881072762";"888000000";"0";"9";"0"
"N";"8881072763";"888000000";"0";"9";"0"
"N";"8881072764";"888000000";"0";"9";"0"
"N";"8881072765";"888000000";"0";"9";"0"
"N";"8881072766";"888000000";"0";"9";"0"
"N";"8881072767";"888000000";"0";"9";"0"
"N";"8881072768";"888000000";"0";"9";"0"
"N";"8881072769";"888000000";"0";"9";"0"
"N";"8881072770";"888000000";"0";"9";"0"
"N";"8881072771";"888000000";"0";"9";"0"
"N";"8881072772";"888000000";"0";"9";"0"
"N";"8881072773";"888000000";"0";"9";"0"
"N";"8881072774";"888000000";"0";"9";"0"
"N";"8881072775";"888000000";"0";"9";"0"
"N";"8881072776";"888000000";"0";"9";"0"
"N";"8881072777";"888000000";"0";"9";"0"
"N";"8881072778";"888000000";"0";"9";"0"
"N";"8881072779";"888000000";"0";"9";"0"
"N";"8881072780";"888000000";"0";"9";"0"
"N";"8881072781";"888000000";"0";"9";"0"
"N";"8881072782";"888000000";"0";"9";"0"
"N";"8881072783";"888000000";"0";"9";"0"
"N";"8881072784";"888000000";"0";"9";"0"
"N";"8881072785";"888000000";"0";"9";"0"
"N";"8881072786";"888000000";"0";"9";"0"
"N";"8881072787";"888000000";"0";"9";"0"
"N";"8881072788";"888000000";"0";"9";"0"
"N";"8881072789";"888000000";"0";"9";"0"
"N";"8881072790";"888000000";"0";"9";"0"
"N";"8881072791";"888000000";"0";"9";"0"
"N";"8881072792";"888000000";"0";"9";"0"
"N";"8881072793";"888000000";"0";"9";"0"
"N";"8881072794";"888000000";"0";"9";"0"
"N";"8881072795";"888000000";"0";"9";"0"
"N";"8881072796";"888000000";"0";"9";"0"
"N";"8881072797";"888000000";"0";"9";"0"
"N";"8881072798";"888000000";"0";"9";"0"
"N";"8881072799";"888000000";"0";"9";"0"
"N";"8881072800";"888000000";"0";"9";"0"
"N";"8881072801";"888000000";"0";"9";"0"
"N";"8881072802";"888000000";"0";"9";"0"
"N";"8881072803";"888000000";"0";"9";"0"
"N";"8881072804";"888000000";"0";"9";"0"
"N";"8881072805";"888000000";"0";"9";"0"
"N";"8881072806";"888000000";"0";"9";"0"
"N";"8881072807";"888000000";"0";"9";"0"
"N";"8881072808";"888000000";"0";"9";"0"
"N";"8881072809";"888000000";"0";"9";"0"
"N";"8881072810";"888000000";"0";"9";"0"
"N";"8881072811";"888000000";"0";"9";"0"
"N";"8881072812";"888000000";"0";"9";"0"
"N";"8881072813";"888000000";"0";"9";"0"
"N";"8881072814";"888000000";"0";"9";"0"
"N";"8881072815";"888000000";"0";"9";"0"
"N";"8881072816";"888000000";"0";"9";"0"
"N";"8881072817";"888000000";"0";"9";"0"
"N";"8881072818";"888000000";"0";"9";"0"
"N";"8881072819";"888000000";"0";"9";"0"
"N";"8881072820";"888000000";"0";"9";"0"
"N";"8881072821";"888000000";"0";"9";"0"
"N";"8881072822";"888000000";"0";"9";"0"
"N";"8881072823";"888000000";"0";"9";"0"
"N";"8881072824";"888000000";"0";"9";"0"
"N";"8881072825";"888000000";"0";"9";"0"
"N";"8881072826";"888000000";"0";"9";"0"
"N";"8881072827";"888000000";"0";"9";"0"
"N";"8881072828";"888000000";"0";"9";"0"
"N";"8881072829";"888000000";"0";"9";"0"
"N";"8881072830";"888000000";"0";"9";"0"
"N";"8881072831";"888000000";"0";"9";"0"
"N";"8881072832";"888000000";"0";"9";"0"
"N";"8881072833";"888000000";"0";"9";"0"
"N";"8881072834";"888000000";"0";"9";"0"
"N";"8881072835";"888000000";"0";"9";"0"
"N";"8881072836";"888000000";"0";"9";"0"
"N";"8881072837";"888000000";"0";"9";"0"
"N";"8881072838";"888000000";"0";"9";"0"
"N";"8881072839";"888000000";"0";"9";"0"
"N";"8881072840";"888000000";"0";"9";"0"
"N";"8881072841";"888000000";"0";"9";"0"
"N";"8881072842";"888000000";"0";"9";"0"
"N";"8881072843";"888000000";"0";"9";"0"
"N";"8881072844";"888000000";"0";"9";"0"
"N";"8881072845";"888000000";"0";"9";"0"
"N";"8881072846";"888000000";"0";"9";"0"
"N";"8881072847";"888000000";"0";"9";"0"
"N";"8881072848";"888000000";"0";"9";"0"
"N";"8881072849";"888000000";"0";"9";"0"
"N";"8881072850";"888000000";"0";"9";"0"
"N";"8881072851";"888000000";"0";"9";"0"
"N";"8881072852";"888000000";"0";"9";"0"
"N";"8881072853";"888000000";"0";"9";"0"
"N";"8881072854";"888000000";"0";"9";"0"
"N";"8881072855";"888000000";"0";"9";"0"
"N";"8881072856";"888000000";"0";"9";"0"
"N";"8881072857";"888000000";"0";"9";"0"
"N";"8881072858";"888000000";"0";"9";"0"
"N";"8881072859";"888000000";"0";"9";"0"
"N";"8881072860";"888000000";"0";"9";"0"
"N";"8881072861";"888000000";"0";"9";"0"
"N";"8881072862";"888000000";"0";"9";"0"
"N";"8881072863";"888000000";"0";"9";"0"
"N";"8881072864";"888000000";"0";"9";"0"
"N";"8881072865";"888000000";"0";"9";"0"
"N";"8881072866";"888000000";"0";"9";"0"
"N";"8881072867";"888000000";"0";"9";"0"
"N";"8881072868";"888000000";"0";"9";"0"
"N";"8881072869";"888000000";"0";"9";"0"
"N";"8881072870";"888000000";"0";"9";"0"
"N";"8881072871";"888000000";"0";"9";"0"
"N";"8881072872";"888000000";"0";"9";"0"
"N";"8881072873";"888000000";"0";"9";"0"
"N";"8881072874";"888000000";"0";"9";"0"
"N";"8881072875";"888000000";"0";"9";"0"
"N";"8881072876";"888000000";"0";"9";"0"
"N";"8881072877";"888000000";"0";"9";"0"
"N";"8881072878";"888000000";"0";"9";"0"
"N";"8881072879";"888000000";"0";"9";"0"
"N";"8881072880";"888000000";"0";"9";"0"
"N";"8881072881";"888000000";"0";"9";"0"
"N";"8881072882";"888000000";"0";"9";"0"
"N";"8881072883";"888000000";"0";"9";"0"
"N";"8881072884";"888000000";"0";"9";"0"
"N";"8881072885";"888000000";"0";"9";"0"
"N";"8881072886";"888000000";"0";"9";"0"
"N";"8881072887";"888000000";"0";"9";"0"
"N";"8881072888";"888000000";"0";"9";"0"
"N";"8881072889";"888000000";"0";"9";"0"
"N";"8881072890";"888000000";"0";"9";"0"
"N";"8881072891";"888000000";"0";"9";"0"
"N";"8881072892";"888000000";"0";"9";"0"
"N";"8881072893";"888000000";"0";"9";"0"
"N";"8881072894";"888000000";"0";"9";"0"
"N";"8881072895";"888000000";"0";"9";"0"
"N";"8881072896";"888000000";"0";"9";"0"
"N";"8881072897";"888000000";"0";"9";"0"
"N";"8881072898";"888000000";"0";"9";"0"
"N";"8881072899";"888000000";"0";"9";"0"
"N";"8881072900";"888000000";"0";"9";"0"
"N";"8881072901";"888000000";"0";"9";"0"
"N";"8881072902";"888000000";"0";"9";"0"
"N";"8881072903";"888000000";"0";"9";"0"
"N";"8881072904";"888000000";"0";"9";"0"
"N";"8881072905";"888000000";"0";"9";"0"
"N";"8881072906";"888000000";"0";"9";"0"
"N";"8881072907";"888000000";"0";"9";"0"
"N";"8881072908";"888000000";"0";"9";"0"
"N";"8881072909";"888000000";"0";"9";"0"
"N";"8881072910";"888000000";"0";"9";"0"
"N";"8881072911";"888000000";"0";"9";"0"
"N";"8881072912";"888000000";"0";"9";"0"
"N";"8881072913";"888000000";"0";"9";"0"
"N";"8881072914";"888000000";"0";"9";"0"
"N";"8881072915";"888000000";"0";"9";"0"
"N";"8881072916";"888000000";"0";"9";"0"
"N";"8881072917";"888000000";"0";"9";"0"
"N";"8881072918";"888000000";"0";"9";"0"
"N";"8881072919";"888000000";"0";"9";"0"
"N";"8881072920";"888000000";"0";"9";"0"
"N";"8881072921";"888000000";"0";"9";"0"
"N";"8881072922";"888000000";"0";"9";"0"
"N";"8881072923";"888000000";"0";"9";"0"
"N";"8881072924";"888000000";"0";"9";"0"
"N";"8881072925";"888000000";"0";"9";"0"
"N";"8881072926";"888000000";"0";"9";"0"
"N";"8881072927";"888000000";"0";"9";"0"
"N";"8881072928";"888000000";"0";"9";"0"
"N";"8881072929";"888000000";"0";"9";"0"
"N";"8881072930";"888000000";"0";"9";"0"
"N";"8881072931";"888000000";"0";"9";"0"
"N";"8881072932";"888000000";"0";"9";"0"
"N";"8881072933";"888000000";"0";"9";"0"
"N";"8881072934";"888000000";"0";"9";"0"
"N";"8881072935";"888000000";"0";"9";"0"
"N";"8881072936";"888000000";"0";"9";"0"
"N";"8881072937";"888000000";"0";"9";"0"
"N";"8881072938";"888000000";"0";"9";"0"
"N";"8881072939";"888000000";"0";"9";"0"
"N";"8881072940";"888000000";"0";"9";"0"
"N";"8881072941";"888000000";"0";"9";"0"
"N";"8881072942";"888000000";"0";"9";"0"
"N";"8881072943";"888000000";"0";"9";"0"
"N";"8881072944";"888000000";"0";"9";"0"
"N";"8881072945";"888000000";"0";"9";"0"
"N";"8881072946";"888000000";"0";"9";"0"
"N";"8881072947";"888000000";"0";"9";"0"
"N";"8881072948";"888000000";"0";"9";"0"
"N";"8881072949";"888000000";"0";"9";"0"
"N";"8881072950";"888000000";"0";"9";"0"
"N";"8881072951";"888000000";"0";"9";"0"
"N";"8881072952";"888000000";"0";"9";"0"
"N";"8881072953";"888000000";"0";"9";"0"
"N";"8881072954";"888000000";"0";"9";"0"
"N";"8881072955";"888000000";"0";"9";"0"
"N";"8881072956";"888000000";"0";"9";"0"
"N";"8881072957";"888000000";"0";"9";"0"
"N";"8881072958";"888000000";"0";"9";"0"
"N";"8881072959";"888000000";"0";"9";"0"
"N";"8881072960";"888000000";"0";"9";"0"
"N";"8881072961";"888000000";"0";"9";"0"
"N";"8881072962";"888000000";"0";"9";"0"
"N";"8881072963";"888000000";"0";"9";"0"
"N";"8881072964";"888000000";"0";"9";"0"
"N";"8881072965";"888000000";"0";"9";"0"
"N";"8881072966";"888000000";"0";"9";"0"
"N";"8881072967";"888000000";"0";"9";"0"
"N";"8881072968";"888000000";"0";"9";"0"
"N";"8881072969";"888000000";"0";"9";"0"
"N";"8881072970";"888000000";"0";"9";"0"
"N";"8881072971";"888000000";"0";"9";"0"
"N";"8881072972";"888000000";"0";"9";"0"
"N";"8881072973";"888000000";"0";"9";"0"
"N";"8881072974";"888000000";"0";"9";"0"
"N";"8881072975";"888000000";"0";"9";"0"
"N";"8881072976";"888000000";"0";"9";"0"
"N";"8881072977";"888000000";"0";"9";"0"
"N";"8881072978";"888000000";"0";"9";"0"
"N";"8881072979";"888000000";"0";"9";"0"
"N";"8881072980";"888000000";"0";"9";"0"
"N";"8881072981";"888000000";"0";"9";"0"
"N";"8881072982";"888000000";"0";"9";"0"
"N";"8881072983";"888000000";"0";"9";"0"
"N";"8881072984";"888000000";"0";"9";"0"
"N";"8881072985";"888000000";"0";"9";"0"
"N";"8881072986";"888000000";"0";"9";"0"
"N";"8881072987";"888000000";"0";"9";"0"
"N";"8881072988";"888000000";"0";"9";"0"
"N";"8881072989";"888000000";"0";"9";"0"
"N";"8881072990";"888000000";"0";"9";"0"
"N";"8881072991";"888000000";"0";"9";"0"
"N";"8881072992";"888000000";"0";"9";"0"
"N";"8881072993";"888000000";"0";"9";"0"
"N";"8881072994";"888000000";"0";"9";"0"
"N";"8881072995";"888000000";"0";"9";"0"
"N";"8881072996";"888000000";"0";"9";"0"
"N";"8881072997";"888000000";"0";"9";"0"
"N";"8881072998";"888000000";"0";"9";"0"
"N";"8881072999";"888000000";"0";"9";"0"
"N";"8881073000";"888000000";"0";"9";"0"
"N";"8881073001";"888000000";"0";"9";"0"
"N";"8881073002";"888000000";"0";"9";"0"
"N";"8881073003";"888000000";"0";"9";"0"
"N";"8881073004";"888000000";"0";"9";"0"
"N";"8881073005";"888000000";"0";"9";"0"
"N";"8881073006";"888000000";"0";"9";"0"
"N";"8881073007";"888000000";"0";"9";"0"
"N";"8881073008";"888000000";"0";"9";"0"
"N";"8881073009";"888000000";"0";"9";"0"
"N";"8881073010";"888000000";"0";"9";"0"
"N";"8881073011";"888000000";"0";"9";"0"
"N";"8881073012";"888000000";"0";"9";"0"
"N";"8881073013";"888000000";"0";"9";"0"
"N";"8881073014";"888000000";"0";"9";"0"
"N";"8881073015";"888000000";"0";"9";"0"
"N";"8881073016";"888000000";"0";"9";"0"
"N";"8881073017";"888000000";"0";"9";"0"
"N";"8881073018";"888000000";"0";"9";"0"
"N";"8881073019";"888000000";"0";"9";"0"
"N";"8881073020";"888000000";"0";"9";"0"
"N";"8881073021";"888000000";"0";"9";"0"
"N";"8881073022";"888000000";"0";"9";"0"
"N";"8881073023";"888000000";"0";"9";"0"
"N";"8881073024";"888000000";"0";"9";"0"
"N";"8881073025";"888000000";"0";"9";"0"
"N";"8881073026";"888000000";"0";"9";"0"
"N";"8881073027";"888000000";"0";"9";"0"
"N";"8881073028";"888000000";"0";"9";"0"
"N";"8881073029";"888000000";"0";"9";"0"
"N";"8881073030";"888000000";"0";"9";"0"
"N";"8881073031";"888000000";"0";"9";"0"
"N";"8881073032";"888000000";"0";"9";"0"
"N";"8881073033";"888000000";"0";"9";"0"
"N";"8881073034";"888000000";"0";"9";"0"
"N";"8881073035";"888000000";"0";"9";"0"
"N";"8881073036";"888000000";"0";"9";"0"
"N";"8881073037";"888000000";"0";"9";"0"
"N";"8881073038";"888000000";"0";"9";"0"
"N";"8881073039";"888000000";"0";"9";"0"
"N";"8881073040";"888000000";"0";"9";"0"
"N";"8881073041";"888000000";"0";"9";"0"
"N";"8881073042";"888000000";"0";"9";"0"
"N";"8881073043";"888000000";"0";"9";"0"
"N";"8881073044";"888000000";"0";"9";"0"
"N";"8881073045";"888000000";"0";"9";"0"
"N";"8881073046";"888000000";"0";"9";"0"
"N";"8881073047";"888000000";"0";"9";"0"
"N";"8881073048";"888000000";"0";"9";"0"
"N";"8881073049";"888000000";"0";"9";"0"
"N";"8881073050";"888000000";"0";"9";"0"
"N";"8881073051";"888000000";"0";"9";"0"
"N";"8881073052";"888000000";"0";"9";"0"
"N";"8881073053";"888000000";"0";"9";"0"
"N";"8881073054";"888000000";"0";"9";"0"
"N";"8881073055";"888000000";"0";"9";"0"
"N";"8881073056";"888000000";"0";"9";"0"
"N";"8881073057";"888000000";"0";"9";"0"
"N";"8881073058";"888000000";"0";"9";"0"
"N";"8881073059";"888000000";"0";"9";"0"
"N";"8881073060";"888000000";"0";"9";"0"
"N";"8881073061";"888000000";"0";"9";"0"
"N";"8881073062";"888000000";"0";"9";"0"
"N";"8881073063";"888000000";"0";"9";"0"
"N";"8881073064";"888000000";"0";"9";"0"
"N";"8881073065";"888000000";"0";"9";"0"
"N";"8881073066";"888000000";"0";"9";"0"
"N";"8881073067";"888000000";"0";"9";"0"
"N";"8881073068";"888000000";"0";"9";"0"
"N";"8881073069";"888000000";"0";"9";"0"
"N";"8881073070";"888000000";"0";"9";"0"
"N";"8881073071";"888000000";"0";"9";"0"
"N";"8881073072";"888000000";"0";"9";"0"
"N";"8881073073";"888000000";"0";"9";"0"
"N";"8881073074";"888000000";"0";"9";"0"
"N";"8881073075";"888000000";"0";"9";"0"
"N";"8881073076";"888000000";"0";"9";"0"
"N";"8881073077";"888000000";"0";"9";"0"
"N";"8881073078";"888000000";"0";"9";"0"
"N";"8881073079";"888000000";"0";"9";"0"
"N";"8881073080";"888000000";"0";"9";"0"
"N";"8881073081";"888000000";"0";"9";"0"
"N";"8881073082";"888000000";"0";"9";"0"
"N";"8881073083";"888000000";"0";"9";"0"
"N";"8881073084";"888000000";"0";"9";"0"
"N";"8881073085";"888000000";"0";"9";"0"
"N";"8881073086";"888000000";"0";"9";"0"
"N";"8881073087";"888000000";"0";"9";"0"
"N";"8881073088";"888000000";"0";"9";"0"
"N";"8881073089";"888000000";"0";"9";"0"
"N";"8881073090";"888000000";"0";"9";"0"
"N";"8881073091";"888000000";"0";"9";"0"
"N";"8881073092";"888000000";"0";"9";"0"
"N";"8881073093";"888000000";"0";"9";"0"
"N";"8881073094";"888000000";"0";"9";"0"
"N";"8881073095";"888000000";"0";"9";"0"
"N";"8881073096";"888000000";"0";"9";"0"
"N";"8881073097";"888000000";"0";"9";"0"
"N";"8881073098";"888000000";"0";"9";"0"
"N";"8881073099";"888000000";"0";"9";"0"
"N";"8881073100";"888000000";"0";"9";"0"
"N";"8881073101";"888000000";"0";"9";"0"
"N";"8881073102";"888000000";"0";"9";"0"
"N";"8881073103";"888000000";"0";"9";"0"
"N";"8881073104";"888000000";"0";"9";"0"
"N";"8881073105";"888000000";"0";"9";"0"
"N";"8881073106";"888000000";"0";"9";"0"
"N";"8881073107";"888000000";"0";"9";"0"
"N";"8881073108";"888000000";"0";"9";"0"
"N";"8881073109";"888000000";"0";"9";"0"
"N";"8881073110";"888000000";"0";"9";"0"
"N";"8881073111";"888000000";"0";"9";"0"
"N";"8881073112";"888000000";"0";"9";"0"
"N";"8881073113";"888000000";"0";"9";"0"
"N";"8881073114";"888000000";"0";"9";"0"
"N";"8881073115";"888000000";"0";"9";"0"
"N";"8881073116";"888000000";"0";"9";"0"
"N";"8881073117";"888000000";"0";"9";"0"
"N";"8881073118";"888000000";"0";"9";"0"
"N";"8881073119";"888000000";"0";"9";"0"
"N";"8881073120";"888000000";"0";"9";"0"
"N";"8881073121";"888000000";"0";"9";"0"
"N";"8881073122";"888000000";"0";"9";"0"
"N";"8881073123";"888000000";"0";"9";"0"
"N";"8881073124";"888000000";"0";"9";"0"
"N";"8881073125";"888000000";"0";"9";"0"
"N";"8881073126";"888000000";"0";"9";"0"
"N";"8881073127";"888000000";"0";"9";"0"
"N";"8881073128";"888000000";"0";"9";"0"
"N";"8881073129";"888000000";"0";"9";"0"
"N";"8881073130";"888000000";"0";"9";"0"
"N";"8881073131";"888000000";"0";"9";"0"
"N";"8881073132";"888000000";"0";"9";"0"
"N";"8881073133";"888000000";"0";"9";"0"
"N";"8881073134";"888000000";"0";"9";"0"
"N";"8881073135";"888000000";"0";"9";"0"
"N";"8881073136";"888000000";"0";"9";"0"
"N";"8881073137";"888000000";"0";"9";"0"
"N";"8881073138";"888000000";"0";"9";"0"
"N";"8881073139";"888000000";"0";"9";"0"
"N";"8881073140";"888000000";"0";"9";"0"
"N";"8881073141";"888000000";"0";"9";"0"
"N";"8881073142";"888000000";"0";"9";"0"
"N";"8881073143";"888000000";"0";"9";"0"
"N";"8881073144";"888000000";"0";"9";"0"
"N";"8881073145";"888000000";"0";"9";"0"
"N";"8881073146";"888000000";"0";"9";"0"
"N";"8881073147";"888000000";"0";"9";"0"
"N";"8881073148";"888000000";"0";"9";"0"
"N";"8881073149";"888000000";"0";"9";"0"
"N";"8881073150";"888000000";"0";"9";"0"
"N";"8881073151";"888000000";"0";"9";"0"
"N";"8881073152";"888000000";"0";"9";"0"
"N";"8881073153";"888000000";"0";"9";"0"
"N";"8881073154";"888000000";"0";"9";"0"
"N";"8881073155";"888000000";"0";"9";"0"
"N";"8881073156";"888000000";"0";"9";"0"
"N";"8881073157";"888000000";"0";"9";"0"
"N";"8881073158";"888000000";"0";"9";"0"
"N";"8881073159";"888000000";"0";"9";"0"
"N";"8881073160";"888000000";"0";"9";"0"
"N";"8881073161";"888000000";"0";"9";"0"
"N";"8881073162";"888000000";"0";"9";"0"
"N";"8881073163";"888000000";"0";"9";"0"
"N";"8881073164";"888000000";"0";"9";"0"
"N";"8881073165";"888000000";"0";"9";"0"
"N";"8881073166";"888000000";"0";"9";"0"
"N";"8881073167";"888000000";"0";"9";"0"
"N";"8881073168";"888000000";"0";"9";"0"
"N";"8881073169";"888000000";"0";"9";"0"
"N";"8881073170";"888000000";"0";"9";"0"
"N";"8881073171";"888000000";"0";"9";"0"
"N";"8881073172";"888000000";"0";"9";"0"
"N";"8881073173";"888000000";"0";"9";"0"
"N";"8881073174";"888000000";"0";"9";"0"
"N";"8881073175";"888000000";"0";"9";"0"
"N";"8881073176";"888000000";"0";"9";"0"
"N";"8881073177";"888000000";"0";"9";"0"
"N";"8881073178";"888000000";"0";"9";"0"
"N";"8881073179";"888000000";"0";"9";"0"
"N";"8881073180";"888000000";"0";"9";"0"
"N";"8881073181";"888000000";"0";"9";"0"
"N";"8881073182";"888000000";"0";"9";"0"
"N";"8881073183";"888000000";"0";"9";"0"
"N";"8881073184";"888000000";"0";"9";"0"
"N";"8881073185";"888000000";"0";"9";"0"
"N";"8881073186";"888000000";"0";"9";"0"
"N";"8881073187";"888000000";"0";"9";"0"
"N";"8881073188";"888000000";"0";"9";"0"
"N";"8881073189";"888000000";"0";"9";"0"
"N";"8881073190";"888000000";"0";"9";"0"
"N";"8881073191";"888000000";"0";"9";"0"
"N";"8881073192";"888000000";"0";"9";"0"
"N";"8881073193";"888000000";"0";"9";"0"
"N";"8881073194";"888000000";"0";"9";"0"
"N";"8881073195";"888000000";"0";"9";"0"
"N";"8881073196";"888000000";"0";"9";"0"
"N";"8881073197";"888000000";"0";"9";"0"
"N";"8881073198";"888000000";"0";"9";"0"
"N";"8881073199";"888000000";"0";"9";"0"
"N";"8881073200";"888000000";"0";"9";"0"
"N";"8881073201";"888000000";"0";"9";"0"
"N";"8881073202";"888000000";"0";"9";"0"
"N";"8881073203";"888000000";"0";"9";"0"
"N";"8881073204";"888000000";"0";"9";"0"
"N";"8881073205";"888000000";"0";"9";"0"
"N";"8881073206";"888000000";"0";"9";"0"
"N";"8881073207";"888000000";"0";"9";"0"
"N";"8881073208";"888000000";"0";"9";"0"
"N";"8881073209";"888000000";"0";"9";"0"
"N";"8881073210";"888000000";"0";"9";"0"
"N";"8881073211";"888000000";"0";"9";"0"
"N";"8881073212";"888000000";"0";"9";"0"
"N";"8881073213";"888000000";"0";"9";"0"
"N";"8881073214";"888000000";"0";"9";"0"
"N";"8881073215";"888000000";"0";"9";"0"
"N";"8881073216";"888000000";"0";"9";"0"
"N";"8881073217";"888000000";"0";"9";"0"
"N";"8881073218";"888000000";"0";"9";"0"
"N";"8881073219";"888000000";"0";"9";"0"
"N";"8881073220";"888000000";"0";"9";"0"
"N";"8881073221";"888000000";"0";"9";"0"
"N";"8881073222";"888000000";"0";"9";"0"
"N";"8881073223";"888000000";"0";"9";"0"
"N";"8881073224";"888000000";"0";"9";"0"
"N";"8881073225";"888000000";"0";"9";"0"
"N";"8881073226";"888000000";"0";"9";"0"
"N";"8881073227";"888000000";"0";"9";"0"
"N";"8881073228";"888000000";"0";"9";"0"
"N";"8881073229";"888000000";"0";"9";"0"
"N";"8881073230";"888000000";"0";"9";"0"
"N";"8881073231";"888000000";"0";"9";"0"
"N";"8881073232";"888000000";"0";"9";"0"
"N";"8881073233";"888000000";"0";"9";"0"
"N";"8881073234";"888000000";"0";"9";"0"
"N";"8881073235";"888000000";"0";"9";"0"
"N";"8881073236";"888000000";"0";"9";"0"
"N";"8881073237";"888000000";"0";"9";"0"
"N";"8881073238";"888000000";"0";"9";"0"
"N";"8881073239";"888000000";"0";"9";"0"
"N";"8881073240";"888000000";"0";"9";"0"
"N";"8881073241";"888000000";"0";"9";"0"
"N";"8881073242";"888000000";"0";"9";"0"
"N";"8881073243";"888000000";"0";"9";"0"
"N";"8881073244";"888000000";"0";"9";"0"
"N";"8881073245";"888000000";"0";"9";"0"
"N";"8881073246";"888000000";"0";"9";"0"
"N";"8881073247";"888000000";"0";"9";"0"
"N";"8881073248";"888000000";"0";"9";"0"
"N";"8881073249";"888000000";"0";"9";"0"
"N";"8881073250";"888000000";"0";"9";"0"
"N";"8881073251";"888000000";"0";"9";"0"
"N";"8881073252";"888000000";"0";"9";"0"
"N";"8881073253";"888000000";"0";"9";"0"
"N";"8881073254";"888000000";"0";"9";"0"
"N";"8881073255";"888000000";"0";"9";"0"
"N";"8881073256";"888000000";"0";"9";"0"
"N";"8881073257";"888000000";"0";"9";"0"
"N";"8881073258";"888000000";"0";"9";"0"
"N";"8881073259";"888000000";"0";"9";"0"
"N";"8881073260";"888000000";"0";"9";"0"
"N";"8881073261";"888000000";"0";"9";"0"
"N";"8881073262";"888000000";"0";"9";"0"
"N";"8881073263";"888000000";"0";"9";"0"
"N";"8881073264";"888000000";"0";"9";"0"
"N";"8881073265";"888000000";"0";"9";"0"
"N";"8881073266";"888000000";"0";"9";"0"
"N";"8881073267";"888000000";"0";"9";"0"
"N";"8881073268";"888000000";"0";"9";"0"
"N";"8881073269";"888000000";"0";"9";"0"
"N";"8881073270";"888000000";"0";"9";"0"
"N";"8881073271";"888000000";"0";"9";"0"
"N";"8881073272";"888000000";"0";"9";"0"
"N";"8881073273";"888000000";"0";"9";"0"
"N";"8881073274";"888000000";"0";"9";"0"
"N";"8881073275";"888000000";"0";"9";"0"
"N";"8881073276";"888000000";"0";"9";"0"
"N";"8881073277";"888000000";"0";"9";"0"
"N";"8881073278";"888000000";"0";"9";"0"
"N";"8881073279";"888000000";"0";"9";"0"
"N";"8881073280";"888000000";"0";"9";"0"
"N";"8881073281";"888000000";"0";"9";"0"
"N";"8881073282";"888000000";"0";"9";"0"
"N";"8881073283";"888000000";"0";"9";"0"
"N";"8881073284";"888000000";"0";"9";"0"
"N";"8881073285";"888000000";"0";"9";"0"
"N";"8881073286";"888000000";"0";"9";"0"
"N";"8881073287";"888000000";"0";"9";"0"
"N";"8881073288";"888000000";"0";"9";"0"
"N";"8881073289";"888000000";"0";"9";"0"
"N";"8881073290";"888000000";"0";"9";"0"
"N";"8881073291";"888000000";"0";"9";"0"
"N";"8881073292";"888000000";"0";"9";"0"
"N";"8881073293";"888000000";"0";"9";"0"
"N";"8881073294";"888000000";"0";"9";"0"
"N";"8881073295";"888000000";"0";"9";"0"
"N";"8881073296";"888000000";"0";"9";"0"
"N";"8881073297";"888000000";"0";"9";"0"
"N";"8881073298";"888000000";"0";"9";"0"
"N";"8881073299";"888000000";"0";"9";"0"
"N";"8881073300";"888000000";"0";"9";"0"
"N";"8881073301";"888000000";"0";"9";"0"
"N";"8881073302";"888000000";"0";"9";"0"
"N";"8881073303";"888000000";"0";"9";"0"
"N";"8881073304";"888000000";"0";"9";"0"
"N";"8881073305";"888000000";"0";"9";"0"
"N";"8881073306";"888000000";"0";"9";"0"
"N";"8881073307";"888000000";"0";"9";"0"
"N";"8881073308";"888000000";"0";"9";"0"
"N";"8881073309";"888000000";"0";"9";"0"
"N";"8881073310";"888000000";"0";"9";"0"
"N";"8881073311";"888000000";"0";"9";"0"
"N";"8881073312";"888000000";"0";"9";"0"
"N";"8881073313";"888000000";"0";"9";"0"
"N";"8881073314";"888000000";"0";"9";"0"
"N";"8881073315";"888000000";"0";"9";"0"
"N";"8881073316";"888000000";"0";"9";"0"
"N";"8881073317";"888000000";"0";"9";"0"
"N";"8881073318";"888000000";"0";"9";"0"
"N";"8881073319";"888000000";"0";"9";"0"
"N";"8881073320";"888000000";"0";"9";"0"
"N";"8881073321";"888000000";"0";"9";"0"
"N";"8881073322";"888000000";"0";"9";"0"
"N";"8881073323";"888000000";"0";"9";"0"
"N";"8881073324";"888000000";"0";"9";"0"
"N";"8881073325";"888000000";"0";"9";"0"
"N";"8881073326";"888000000";"0";"9";"0"
"N";"8881073327";"888000000";"0";"9";"0"
"N";"8881073328";"888000000";"0";"9";"0"
"N";"8881073329";"888000000";"0";"9";"0"
"N";"8881073330";"888000000";"0";"9";"0"
"N";"8881073331";"888000000";"0";"9";"0"
"N";"8881073332";"888000000";"0";"9";"0"
"N";"8881073333";"888000000";"0";"9";"0"
"N";"8881073334";"888000000";"0";"9";"0"
"N";"8881073335";"888000000";"0";"9";"0"
"N";"8881073336";"888000000";"0";"9";"0"
"N";"8881073337";"888000000";"0";"9";"0"
"N";"8881073338";"888000000";"0";"9";"0"
"N";"8881073339";"888000000";"0";"9";"0"
"N";"8881073340";"888000000";"0";"9";"0"
"N";"8881073341";"888000000";"0";"9";"0"
"N";"8881073342";"888000000";"0";"9";"0"
"N";"8881073343";"888000000";"0";"9";"0"
"N";"8881073344";"888000000";"0";"9";"0"
"N";"8881073345";"888000000";"0";"9";"0"
"N";"8881073346";"888000000";"0";"9";"0"
"N";"8881073347";"888000000";"0";"9";"0"
"N";"8881073348";"888000000";"0";"9";"0"
"N";"8881073349";"888000000";"0";"9";"0"
"N";"8881073350";"888000000";"0";"9";"0"
"N";"8881073351";"888000000";"0";"9";"0"
"N";"8881073352";"888000000";"0";"9";"0"
"N";"8881073353";"888000000";"0";"9";"0"
"N";"8881073354";"888000000";"0";"9";"0"
"N";"8881073355";"888000000";"0";"9";"0"
"N";"8881073356";"888000000";"0";"9";"0"
"N";"8881073357";"888000000";"0";"9";"0"
"N";"8881073358";"888000000";"0";"9";"0"
"N";"8881073359";"888000000";"0";"9";"0"
"N";"8881073360";"888000000";"0";"9";"0"
"N";"8881073361";"888000000";"0";"9";"0"
"N";"8881073362";"888000000";"0";"9";"0"
"N";"8881073363";"888000000";"0";"9";"0"
"N";"8881073364";"888000000";"0";"9";"0"
"N";"8881073365";"888000000";"0";"9";"0"
"N";"8881073366";"888000000";"0";"9";"0"
"N";"8881073367";"888000000";"0";"9";"0"
"N";"8881073368";"888000000";"0";"9";"0"
"N";"8881073369";"888000000";"0";"9";"0"
"N";"8881073370";"888000000";"0";"9";"0"
"N";"8881073371";"888000000";"0";"9";"0"
"N";"8881073372";"888000000";"0";"9";"0"
"N";"8881073373";"888000000";"0";"9";"0"
"N";"8881073374";"888000000";"0";"9";"0"
"N";"8881073375";"888000000";"0";"9";"0"
"N";"8881073376";"888000000";"0";"9";"0"
"N";"8881073377";"888000000";"0";"9";"0"
"N";"8881073378";"888000000";"0";"9";"0"
"N";"8881073379";"888000000";"0";"9";"0"
"N";"8881073380";"888000000";"0";"9";"0"
"N";"8881073381";"888000000";"0";"9";"0"
"N";"8881073382";"888000000";"0";"9";"0"
"N";"8881073383";"888000000";"0";"9";"0"
"N";"8881073384";"888000000";"0";"9";"0"
"N";"8881073385";"888000000";"0";"9";"0"
"N";"8881073386";"888000000";"0";"9";"0"
"N";"8881073387";"888000000";"0";"9";"0"
"N";"8881073388";"888000000";"0";"9";"0"
"N";"8881073389";"888000000";"0";"9";"0"
"N";"8881073390";"888000000";"0";"9";"0"
"N";"8881073391";"888000000";"0";"9";"0"
"N";"8881073392";"888000000";"0";"9";"0"
"N";"8881073393";"888000000";"0";"9";"0"
"N";"8881073394";"888000000";"0";"9";"0"
"N";"8881073395";"888000000";"0";"9";"0"
"N";"8881073396";"888000000";"0";"9";"0"
"N";"8881073397";"888000000";"0";"9";"0"
"N";"8881073398";"888000000";"0";"9";"0"
"N";"8881073399";"888000000";"0";"9";"0"
"N";"8881073400";"888000000";"0";"9";"0"
"N";"8881073401";"888000000";"0";"9";"0"
"N";"8881073402";"888000000";"0";"9";"0"
"N";"8881073403";"888000000";"0";"9";"0"
"N";"8881073404";"888000000";"0";"9";"0"
"N";"8881073405";"888000000";"0";"9";"0"
"N";"8881073406";"888000000";"0";"9";"0"
"N";"8881073407";"888000000";"0";"9";"0"
"N";"8881073408";"888000000";"0";"9";"0"
"N";"8881073409";"888000000";"0";"9";"0"
"N";"8881073410";"888000000";"0";"9";"0"
"N";"8881073411";"888000000";"0";"9";"0"
"N";"8881073412";"888000000";"0";"9";"0"
"N";"8881073413";"888000000";"0";"9";"0"
"N";"8881073414";"888000000";"0";"9";"0"
"N";"8881073415";"888000000";"0";"9";"0"
"N";"8881073416";"888000000";"0";"9";"0"
"N";"8881073417";"888000000";"0";"9";"0"
"N";"8881073418";"888000000";"0";"9";"0"
"N";"8881073419";"888000000";"0";"9";"0"
"N";"8881073420";"888000000";"0";"9";"0"
"N";"8881073421";"888000000";"0";"9";"0"
"N";"8881073422";"888000000";"0";"9";"0"
"N";"8881073423";"888000000";"0";"9";"0"
"N";"8881073424";"888000000";"0";"9";"0"
"N";"8881073425";"888000000";"0";"9";"0"
"N";"8881073426";"888000000";"0";"9";"0"
"N";"8881073427";"888000000";"0";"9";"0"
"N";"8881073428";"888000000";"0";"9";"0"
"N";"8881073429";"888000000";"0";"9";"0"
"N";"8881073430";"888000000";"0";"9";"0"
"N";"8881073431";"888000000";"0";"9";"0"
"N";"8881073432";"888000000";"0";"9";"0"
"N";"8881073433";"888000000";"0";"9";"0"
"N";"8881073434";"888000000";"0";"9";"0"
"N";"8881073435";"888000000";"0";"9";"0"
"N";"8881073436";"888000000";"0";"9";"0"
"N";"8881073437";"888000000";"0";"9";"0"
"N";"8881073438";"888000000";"0";"9";"0"
"N";"8881073439";"888000000";"0";"9";"0"
"N";"8881073440";"888000000";"0";"9";"0"
"N";"8881073441";"888000000";"0";"9";"0"
"N";"8881073442";"888000000";"0";"9";"0"
"N";"8881073443";"888000000";"0";"9";"0"
"N";"8881073444";"888000000";"0";"9";"0"
"N";"8881073445";"888000000";"0";"9";"0"
"N";"8881073446";"888000000";"0";"9";"0"
"N";"8881073447";"888000000";"0";"9";"0"
"N";"8881073448";"888000000";"0";"9";"0"
"N";"8881073449";"888000000";"0";"9";"0"
"N";"8881073450";"888000000";"0";"9";"0"
"N";"8881073451";"888000000";"0";"9";"0"
"N";"8881073452";"888000000";"0";"9";"0"
"N";"8881073453";"888000000";"0";"9";"0"
"N";"8881073454";"888000000";"0";"9";"0"
"N";"8881073455";"888000000";"0";"9";"0"
"N";"8881073456";"888000000";"0";"9";"0"
"N";"8881073457";"888000000";"0";"9";"0"
"N";"8881073458";"888000000";"0";"9";"0"
"N";"8881073459";"888000000";"0";"9";"0"
"N";"8881073460";"888000000";"0";"9";"0"
"N";"8881073461";"888000000";"0";"9";"0"
"N";"8881073462";"888000000";"0";"9";"0"
"N";"8881073463";"888000000";"0";"9";"0"
"N";"8881073464";"888000000";"0";"9";"0"
"N";"8881073465";"888000000";"0";"9";"0"
"N";"8881073466";"888000000";"0";"9";"0"
"N";"8881073467";"888000000";"0";"9";"0"
"N";"8881073468";"888000000";"0";"9";"0"
"N";"8881073469";"888000000";"0";"9";"0"
"N";"8881073470";"888000000";"0";"9";"0"
"N";"8881073471";"888000000";"0";"9";"0"
"N";"8881073472";"888000000";"0";"9";"0"
"N";"8881073473";"888000000";"0";"9";"0"
"N";"8881073474";"888000000";"0";"9";"0"
"N";"8881073475";"888000000";"0";"9";"0"
"N";"8881073476";"888000000";"0";"9";"0"
"N";"8881073477";"888000000";"0";"9";"0"
"N";"8881073478";"888000000";"0";"9";"0"
"N";"8881073479";"888000000";"0";"9";"0"
"N";"8881073480";"888000000";"0";"9";"0"
"N";"8881073481";"888000000";"0";"9";"0"
"N";"8881073482";"888000000";"0";"9";"0"
"N";"8881073483";"888000000";"0";"9";"0"
"N";"8881073484";"888000000";"0";"9";"0"
"N";"8881073485";"888000000";"0";"9";"0"
"N";"8881073486";"888000000";"0";"9";"0"
"N";"8881073487";"888000000";"0";"9";"0"
"N";"8881073488";"888000000";"0";"9";"0"
"N";"8881073489";"888000000";"0";"9";"0"
"N";"8881073490";"888000000";"0";"9";"0"
"N";"8881073491";"888000000";"0";"9";"0"
"N";"8881073492";"888000000";"0";"9";"0"
"N";"8881073493";"888000000";"0";"9";"0"
"N";"8881073494";"888000000";"0";"9";"0"
"N";"8881073495";"888000000";"0";"9";"0"
"N";"8881073496";"888000000";"0";"9";"0"
"N";"8881073497";"888000000";"0";"9";"0"
"N";"8881073498";"888000000";"0";"9";"0"
"N";"8881073499";"888000000";"0";"9";"0"
"N";"8881073500";"888000000";"0";"9";"0"
"N";"8881073501";"888000000";"0";"9";"0"
"N";"8881073502";"888000000";"0";"9";"0"
"N";"8881073503";"888000000";"0";"9";"0"
"N";"8881073504";"888000000";"0";"9";"0"
"N";"8881073505";"888000000";"0";"9";"0"
"N";"8881073506";"888000000";"0";"9";"0"
"N";"8881073507";"888000000";"0";"9";"0"
"N";"8881073508";"888000000";"0";"9";"0"
"N";"8881073509";"888000000";"0";"9";"0"
"N";"8881073510";"888000000";"0";"9";"0"
"N";"8881073511";"888000000";"0";"9";"0"
"N";"8881073512";"888000000";"0";"9";"0"
"N";"8881073513";"888000000";"0";"9";"0"
"N";"8881073514";"888000000";"0";"9";"0"
"N";"8881073515";"888000000";"0";"9";"0"
"N";"8881073516";"888000000";"0";"9";"0"
"N";"8881073517";"888000000";"0";"9";"0"
"N";"8881073518";"888000000";"0";"9";"0"
"N";"8881073519";"888000000";"0";"9";"0"
"N";"8881073520";"888000000";"0";"9";"0"
"N";"8881073521";"888000000";"0";"9";"0"
"N";"8881073522";"888000000";"0";"9";"0"
"N";"8881073523";"888000000";"0";"9";"0"
"N";"8881073524";"888000000";"0";"9";"0"
"N";"8881073525";"888000000";"0";"9";"0"
"N";"8881073526";"888000000";"0";"9";"0"
"N";"8881073527";"888000000";"0";"9";"0"
"N";"8881073528";"888000000";"0";"9";"0"
"N";"8881073529";"888000000";"0";"9";"0"
"N";"8881073530";"888000000";"0";"9";"0"
"N";"8881073531";"888000000";"0";"9";"0"
"N";"8881073532";"888000000";"0";"9";"0"
"N";"8881073533";"888000000";"0";"9";"0"
"N";"8881073534";"888000000";"0";"9";"0"
"N";"8881073535";"888000000";"0";"9";"0"
"N";"8881073536";"888000000";"0";"9";"0"
"N";"8881073537";"888000000";"0";"9";"0"
"N";"8881073538";"888000000";"0";"9";"0"
"N";"8881073539";"888000000";"0";"9";"0"
"N";"8881073540";"888000000";"0";"9";"0"
"N";"8881073541";"888000000";"0";"9";"0"
"N";"8881073542";"888000000";"0";"9";"0"
"N";"8881073543";"888000000";"0";"9";"0"
"N";"8881073544";"888000000";"0";"9";"0"
"N";"8881073545";"888000000";"0";"9";"0"
"N";"8881073546";"888000000";"0";"9";"0"
"N";"8881073547";"888000000";"0";"9";"0"
"N";"8881073548";"888000000";"0";"9";"0"
"N";"8881073549";"888000000";"0";"9";"0"
"N";"8881073550";"888000000";"0";"9";"0"
"N";"8881073551";"888000000";"0";"9";"0"
"N";"8881073552";"888000000";"0";"9";"0"
"N";"8881073553";"888000000";"0";"9";"0"
"N";"8881073554";"888000000";"0";"9";"0"
"N";"8881073555";"888000000";"0";"9";"0"
"N";"8881073556";"888000000";"0";"9";"0"
"N";"8881073557";"888000000";"0";"9";"0"
"N";"8881073558";"888000000";"0";"9";"0"
"N";"8881073559";"888000000";"0";"9";"0"
"N";"8881073560";"888000000";"0";"9";"0"
"N";"8881073561";"888000000";"0";"9";"0"
"N";"8881073562";"888000000";"0";"9";"0"
"N";"8881073563";"888000000";"0";"9";"0"
"N";"8881073564";"888000000";"0";"9";"0"
"N";"8881073565";"888000000";"0";"9";"0"
"N";"8881073566";"888000000";"0";"9";"0"
"N";"8881073567";"888000000";"0";"9";"0"
"N";"8881073568";"888000000";"0";"9";"0"
"N";"8881073569";"888000000";"0";"9";"0"
"N";"8881073570";"888000000";"0";"9";"0"
"N";"8881073571";"888000000";"0";"9";"0"
"N";"8881073572";"888000000";"0";"9";"0"
"N";"8881073573";"888000000";"0";"9";"0"
"N";"8881073574";"888000000";"0";"9";"0"
"N";"8881073575";"888000000";"0";"9";"0"
"N";"8881073576";"888000000";"0";"9";"0"
"N";"8881073577";"888000000";"0";"9";"0"
"N";"8881073578";"888000000";"0";"9";"0"
"N";"8881073579";"888000000";"0";"9";"0"
"N";"8881073580";"888000000";"0";"9";"0"
"N";"8881073581";"888000000";"0";"9";"0"
"N";"8881073582";"888000000";"0";"9";"0"
"N";"8881073583";"888000000";"0";"9";"0"
"N";"8881073584";"888000000";"0";"9";"0"
"N";"8881073585";"888000000";"0";"9";"0"
"N";"8881073586";"888000000";"0";"9";"0"
"N";"8881073587";"888000000";"0";"9";"0"
"N";"8881073588";"888000000";"0";"9";"0"
"N";"8881073589";"888000000";"0";"9";"0"
"N";"8881073590";"888000000";"0";"9";"0"
"N";"8881073591";"888000000";"0";"9";"0"
"N";"8881073592";"888000000";"0";"9";"0"
"N";"8881073593";"888000000";"0";"9";"0"
"N";"8881073594";"888000000";"0";"9";"0"
"N";"8881073595";"888000000";"0";"9";"0"
"N";"8881073596";"888000000";"0";"9";"0"
"N";"8881073597";"888000000";"0";"9";"0"
"N";"8881073598";"888000000";"0";"9";"0"
"N";"8881073599";"888000000";"0";"9";"0"
"N";"8881073600";"888000000";"0";"9";"0"
"N";"8881073601";"888000000";"0";"9";"0"
"N";"8881073602";"888000000";"0";"9";"0"
"N";"8881073603";"888000000";"0";"9";"0"
"N";"8881073604";"888000000";"0";"9";"0"
"N";"8881073605";"888000000";"0";"9";"0"
"N";"8881073606";"888000000";"0";"9";"0"
"N";"8881073607";"888000000";"0";"9";"0"
"N";"8881073608";"888000000";"0";"9";"0"
"N";"8881073609";"888000000";"0";"9";"0"
"N";"8881073610";"888000000";"0";"9";"0"
"N";"8881073611";"888000000";"0";"9";"0"
"N";"8881073612";"888000000";"0";"9";"0"
"N";"8881073613";"888000000";"0";"9";"0"
"N";"8881073614";"888000000";"0";"9";"0"
"N";"8881073615";"888000000";"0";"9";"0"
"N";"8881073616";"888000000";"0";"9";"0"
"N";"8881073617";"888000000";"0";"9";"0"
"N";"8881073618";"888000000";"0";"9";"0"
"N";"8881073619";"888000000";"0";"9";"0"
"N";"8881073620";"888000000";"0";"9";"0"
"N";"8881073621";"888000000";"0";"9";"0"
"N";"8881073622";"888000000";"0";"9";"0"
"N";"8881073623";"888000000";"0";"9";"0"
"N";"8881073624";"888000000";"0";"9";"0"
"N";"8881073625";"888000000";"0";"9";"0"
"N";"8881073626";"888000000";"0";"9";"0"
"N";"8881073627";"888000000";"0";"9";"0"
"N";"8881073628";"888000000";"0";"9";"0"
"N";"8881073629";"888000000";"0";"9";"0"
"N";"8881073630";"888000000";"0";"9";"0"
"N";"8881073631";"888000000";"0";"9";"0"
"N";"8881073632";"888000000";"0";"9";"0"
"N";"8881073633";"888000000";"0";"9";"0"
"N";"8881073634";"888000000";"0";"9";"0"
"N";"8881073635";"888000000";"0";"9";"0"
"N";"8881073636";"888000000";"0";"9";"0"
"N";"8881073637";"888000000";"0";"9";"0"
"N";"8881073638";"888000000";"0";"9";"0"
"N";"8881073639";"888000000";"0";"9";"0"
"N";"8881073640";"888000000";"0";"9";"0"
"N";"8881073641";"888000000";"0";"9";"0"
"N";"8881073642";"888000000";"0";"9";"0"
"N";"8881073643";"888000000";"0";"9";"0"
"N";"8881073644";"888000000";"0";"9";"0"
"N";"8881073645";"888000000";"0";"9";"0"
"N";"8881073646";"888000000";"0";"9";"0"
"N";"8881073647";"888000000";"0";"9";"0"
"N";"8881073648";"888000000";"0";"9";"0"
"N";"8881073649";"888000000";"0";"9";"0"
"N";"8881073650";"888000000";"0";"9";"0"
"N";"8881073651";"888000000";"0";"9";"0"
"N";"8881073652";"888000000";"0";"9";"0"
"N";"8881073653";"888000000";"0";"9";"0"
"N";"8881073654";"888000000";"0";"9";"0"
"N";"8881073655";"888000000";"0";"9";"0"
"N";"8881073656";"888000000";"0";"9";"0"
"N";"8881073657";"888000000";"0";"9";"0"
"N";"8881073658";"888000000";"0";"9";"0"
"N";"8881073659";"888000000";"0";"9";"0"
"N";"8881073660";"888000000";"0";"9";"0"
"N";"8881073661";"888000000";"0";"9";"0"
"N";"8881073662";"888000000";"0";"9";"0"
"N";"8881073663";"888000000";"0";"9";"0"
"N";"8881073664";"888000000";"0";"9";"0"
"N";"8881073665";"888000000";"0";"9";"0"
"N";"8881073666";"888000000";"0";"9";"0"
"N";"8881073667";"888000000";"0";"9";"0"
"N";"8881073668";"888000000";"0";"9";"0"
"N";"8881073669";"888000000";"0";"9";"0"
"N";"8881073670";"888000000";"0";"9";"0"
"N";"8881073671";"888000000";"0";"9";"0"
"N";"8881073672";"888000000";"0";"9";"0"
"N";"8881073673";"888000000";"0";"9";"0"
"N";"8881073674";"888000000";"0";"9";"0"
"N";"8881073675";"888000000";"0";"9";"0"
"N";"8881073676";"888000000";"0";"9";"0"
"N";"8881073677";"888000000";"0";"9";"0"
"N";"8881073678";"888000000";"0";"9";"0"
"N";"8881073679";"888000000";"0";"9";"0"
"N";"8881073680";"888000000";"0";"9";"0"
"N";"8881073681";"888000000";"0";"9";"0"
"N";"8881073682";"888000000";"0";"9";"0"
"N";"8881073683";"888000000";"0";"9";"0"
"N";"8881073684";"888000000";"0";"9";"0"
"N";"8881073685";"888000000";"0";"9";"0"
"N";"8881073686";"888000000";"0";"9";"0"
"N";"8881073687";"888000000";"0";"9";"0"
"N";"8881073688";"888000000";"0";"9";"0"
"N";"8881073689";"888000000";"0";"9";"0"
"N";"8881073690";"888000000";"0";"9";"0"
"N";"8881073691";"888000000";"0";"9";"0"
"N";"8881073692";"888000000";"0";"9";"0"
"N";"8881073693";"888000000";"0";"9";"0"
"N";"8881073694";"888000000";"0";"9";"0"
"N";"8881073695";"888000000";"0";"9";"0"
"N";"8881073696";"888000000";"0";"9";"0"
"N";"8881073697";"888000000";"0";"9";"0"
"N";"8881073698";"888000000";"0";"9";"0"
"N";"8881073699";"888000000";"0";"9";"0"
"N";"8881073700";"888000000";"0";"9";"0"
"N";"8881073701";"888000000";"0";"9";"0"
"N";"8881073702";"888000000";"0";"9";"0"
"N";"8881073703";"888000000";"0";"9";"0"
"N";"8881073704";"888000000";"0";"9";"0"
"N";"8881073705";"888000000";"0";"9";"0"
"N";"8881073706";"888000000";"0";"9";"0"
"N";"8881073707";"888000000";"0";"9";"0"
"N";"8881073708";"888000000";"0";"9";"0"
"N";"8881073709";"888000000";"0";"9";"0"
"N";"8881073710";"888000000";"0";"9";"0"
"N";"8881073711";"888000000";"0";"9";"0"
"N";"8881073712";"888000000";"0";"9";"0"
"N";"8881073713";"888000000";"0";"9";"0"
"N";"8881073714";"888000000";"0";"9";"0"
"N";"8881073715";"888000000";"0";"9";"0"
"N";"8881073716";"888000000";"0";"9";"0"
"N";"8881073717";"888000000";"0";"9";"0"
"N";"8881073718";"888000000";"0";"9";"0"
"N";"8881073719";"888000000";"0";"9";"0"
"N";"8881073720";"888000000";"0";"9";"0"
"N";"8881073721";"888000000";"0";"9";"0"
"N";"8881073722";"888000000";"0";"9";"0"
"N";"8881073723";"888000000";"0";"9";"0"
"N";"8881073724";"888000000";"0";"9";"0"
"N";"8881073725";"888000000";"0";"9";"0"
"N";"8881073726";"888000000";"0";"9";"0"
"N";"8881073727";"888000000";"0";"9";"0"
"N";"8881073728";"888000000";"0";"9";"0"
"N";"8881073729";"888000000";"0";"9";"0"
"N";"8881073730";"888000000";"0";"9";"0"
"N";"8881073731";"888000000";"0";"9";"0"
"N";"8881073732";"888000000";"0";"9";"0"
"N";"8881073733";"888000000";"0";"9";"0"
"N";"8881073734";"888000000";"0";"9";"0"
"N";"8881073735";"888000000";"0";"9";"0"
"N";"8881073736";"888000000";"0";"9";"0"
"N";"8881073737";"888000000";"0";"9";"0"
"N";"8881073738";"888000000";"0";"9";"0"
"N";"8881073739";"888000000";"0";"9";"0"
"N";"8881073740";"888000000";"0";"9";"0"
"N";"8881073741";"888000000";"0";"9";"0"
"N";"8881073742";"888000000";"0";"9";"0"
"N";"8881073743";"888000000";"0";"9";"0"
"N";"8881073744";"888000000";"0";"9";"0"
"N";"8881073745";"888000000";"0";"9";"0"
"N";"8881073746";"888000000";"0";"9";"0"
"N";"8881073747";"888000000";"0";"9";"0"
"N";"8881073748";"888000000";"0";"9";"0"
"N";"8881073749";"888000000";"0";"9";"0"
"N";"8881073750";"888000000";"0";"9";"0"
"N";"8881073751";"888000000";"0";"9";"0"
"N";"8881073752";"888000000";"0";"9";"0"
"N";"8881073753";"888000000";"0";"9";"0"
"N";"8881073754";"888000000";"0";"9";"0"
"N";"8881073755";"888000000";"0";"9";"0"
"N";"8881073756";"888000000";"0";"9";"0"
"N";"8881073757";"888000000";"0";"9";"0"
"N";"8881073758";"888000000";"0";"9";"0"
"N";"8881073759";"888000000";"0";"9";"0"
"N";"8881073760";"888000000";"0";"9";"0"
"N";"8881073761";"888000000";"0";"9";"0"
"N";"8881073762";"888000000";"0";"9";"0"
"N";"8881073763";"888000000";"0";"9";"0"
"N";"8881073764";"888000000";"0";"9";"0"
"N";"8881073765";"888000000";"0";"9";"0"
"N";"8881073766";"888000000";"0";"9";"0"
"N";"8881073767";"888000000";"0";"9";"0"
"N";"8881073768";"888000000";"0";"9";"0"
"N";"8881073769";"888000000";"0";"9";"0"
"N";"8881073770";"888000000";"0";"9";"0"
"N";"8881073771";"888000000";"0";"9";"0"
"N";"8881073772";"888000000";"0";"9";"0"
"N";"8881073773";"888000000";"0";"9";"0"
"N";"8881073774";"888000000";"0";"9";"0"
"N";"8881073775";"888000000";"0";"9";"0"
"N";"8881073776";"888000000";"0";"9";"0"
"N";"8881073777";"888000000";"0";"9";"0"
"N";"8881073778";"888000000";"0";"9";"0"
"N";"8881073779";"888000000";"0";"9";"0"
"N";"8881073780";"888000000";"0";"9";"0"
"N";"8881073781";"888000000";"0";"9";"0"
"N";"8881073782";"888000000";"0";"9";"0"
"N";"8881073783";"888000000";"0";"9";"0"
"N";"8881073784";"888000000";"0";"9";"0"
"N";"8881073785";"888000000";"0";"9";"0"
"N";"8881073786";"888000000";"0";"9";"0"
"N";"8881073787";"888000000";"0";"9";"0"
"N";"8881073788";"888000000";"0";"9";"0"
"N";"8881073789";"888000000";"0";"9";"0"
"N";"8881073790";"888000000";"0";"9";"0"
"N";"8881073791";"888000000";"0";"9";"0"
"N";"8881073792";"888000000";"0";"9";"0"
"N";"8881073793";"888000000";"0";"9";"0"
"N";"8881073794";"888000000";"0";"9";"0"
"N";"8881073795";"888000000";"0";"9";"0"
"N";"8881073796";"888000000";"0";"9";"0"
"N";"8881073797";"888000000";"0";"9";"0"
"N";"8881073798";"888000000";"0";"9";"0"
"N";"8881073799";"888000000";"0";"9";"0"
"N";"8881073800";"888000000";"0";"9";"0"
"N";"8881073801";"888000000";"0";"9";"0"
"N";"8881073802";"888000000";"0";"9";"0"
"N";"8881073803";"888000000";"0";"9";"0"
"N";"8881073804";"888000000";"0";"9";"0"
"N";"8881073805";"888000000";"0";"9";"0"
"N";"8881073806";"888000000";"0";"9";"0"
"N";"8881073807";"888000000";"0";"9";"0"
"N";"8881073808";"888000000";"0";"9";"0"
"N";"8881073809";"888000000";"0";"9";"0"
"N";"8881073810";"888000000";"0";"9";"0"
"N";"8881073811";"888000000";"0";"9";"0"
"N";"8881073812";"888000000";"0";"9";"0"
"N";"8881073813";"888000000";"0";"9";"0"
"N";"8881073814";"888000000";"0";"9";"0"
"N";"8881073815";"888000000";"0";"9";"0"
"N";"8881073816";"888000000";"0";"9";"0"
"N";"8881073817";"888000000";"0";"9";"0"
"N";"8881073818";"888000000";"0";"9";"0"
"N";"8881073819";"888000000";"0";"9";"0"
"N";"8881073820";"888000000";"0";"9";"0"
"N";"8881073821";"888000000";"0";"9";"0"
"N";"8881073822";"888000000";"0";"9";"0"
"N";"8881073823";"888000000";"0";"9";"0"
"N";"8881073824";"888000000";"0";"9";"0"
"N";"8881073825";"888000000";"0";"9";"0"
"N";"8881073826";"888000000";"0";"9";"0"
"N";"8881073827";"888000000";"0";"9";"0"
"N";"8881073828";"888000000";"0";"9";"0"
"N";"8881073829";"888000000";"0";"9";"0"
"N";"8881073830";"888000000";"0";"9";"0"
"N";"8881073831";"888000000";"0";"9";"0"
"N";"8881073832";"888000000";"0";"9";"0"
"N";"8881073833";"888000000";"0";"9";"0"
"N";"8881073834";"888000000";"0";"9";"0"
"N";"8881073835";"888000000";"0";"9";"0"
"N";"8881073836";"888000000";"0";"9";"0"
"N";"8881073837";"888000000";"0";"9";"0"
"N";"8881073838";"888000000";"0";"9";"0"
"N";"8881073839";"888000000";"0";"9";"0"
"N";"8881073840";"888000000";"0";"9";"0"
"N";"8881073841";"888000000";"0";"9";"0"
"N";"8881073842";"888000000";"0";"9";"0"
"N";"8881073843";"888000000";"0";"9";"0"
"N";"8881073844";"888000000";"0";"9";"0"
"N";"8881073845";"888000000";"0";"9";"0"
"N";"8881073846";"888000000";"0";"9";"0"
"N";"8881073847";"888000000";"0";"9";"0"
"N";"8881073848";"888000000";"0";"9";"0"
"N";"8881073849";"888000000";"0";"9";"0"
"N";"8881073850";"888000000";"0";"9";"0"
"N";"8881073851";"888000000";"0";"9";"0"
"N";"8881073852";"888000000";"0";"9";"0"
"N";"8881073853";"888000000";"0";"9";"0"
"N";"8881073854";"888000000";"0";"9";"0"
"N";"8881073855";"888000000";"0";"9";"0"
"N";"8881073856";"888000000";"0";"9";"0"
"N";"8881073857";"888000000";"0";"9";"0"
"N";"8881073858";"888000000";"0";"9";"0"
"N";"8881073859";"888000000";"0";"9";"0"
"N";"8881073860";"888000000";"0";"9";"0"
"N";"8881073861";"888000000";"0";"9";"0"
"N";"8881073862";"888000000";"0";"9";"0"
"N";"8881073863";"888000000";"0";"9";"0"
"N";"8881073864";"888000000";"0";"9";"0"
"N";"8881073865";"888000000";"0";"9";"0"
"N";"8881073866";"888000000";"0";"9";"0"
"N";"8881073867";"888000000";"0";"9";"0"
"N";"8881073868";"888000000";"0";"9";"0"
"N";"8881073869";"888000000";"0";"9";"0"
"N";"8881073870";"888000000";"0";"9";"0"
"N";"8881073871";"888000000";"0";"9";"0"
"N";"8881073872";"888000000";"0";"9";"0"
"N";"8881073873";"888000000";"0";"9";"0"
"N";"8881073874";"888000000";"0";"9";"0"
"N";"8881073875";"888000000";"0";"9";"0"
"N";"8881073876";"888000000";"0";"9";"0"
"N";"8881073877";"888000000";"0";"9";"0"
"N";"8881073878";"888000000";"0";"9";"0"
"N";"8881073879";"888000000";"0";"9";"0"
"N";"8881073880";"888000000";"0";"9";"0"
"N";"8881073881";"888000000";"0";"9";"0"
"N";"8881073882";"888000000";"0";"9";"0"
"N";"8881073883";"888000000";"0";"9";"0"
"N";"8881073884";"888000000";"0";"9";"0"
"N";"8881073885";"888000000";"0";"9";"0"
"N";"8881073886";"888000000";"0";"9";"0"
"N";"8881073887";"888000000";"0";"9";"0"
"N";"8881073888";"888000000";"0";"9";"0"
"N";"8881073889";"888000000";"0";"9";"0"
